Key,Id,vi,en
"STATE_STARTING",3314955651,"Đang khởi động","Starting"
"STATE_STANDBY",3314955652,"Chờ","Standby"
"STATE_SPEAKING",3314955655,"Đang nói","Speaking"
"STATE_LISTENING",3314955654,"Đang lắng nghe","Listening"
"STATE_ERROR",3314955656,"Lỗi","Error"
"STATE_CONNECTING",3314955653,"Đang kết nối","Connecting"
"SettingsUI_WebSocketUrl",3314955664,"WebSocket URL","WebSocket URL"
"SettingsUI_WebSocketAccessToken",3314955665,"WebSocket Access Token","WebSocket Access Token"
"SettingsUI_Volume",3314955679,"Âm lượng","Volume"
"SettingsUI_Title",3314955658,"Cài đặt","Settings"
"SettingsUI_Theme",3314955681,"Chủ đề","Theme"
"SettingsUI_Tab_MIoT",7054277517205504,"MIoT","MIoT"
"SettingsUI_Tab_Common",7054207824650240,"Chung","Common"
"SettingsUI_Restart",3314955684,"Khởi động lại","Restart"
"SettingsUI_Placeholder",3314955662,"Vui lòng nhập {0}","Please enter {0}"
"SettingsUI_OTAUrl",3314955663,"OTA URL","OTA URL"
"SettingsUI_Modify_Tips",3314955659,"Thay đổi đã áp dụng. Sẽ có hiệu lực sau khi khởi động lại.","Changes applied successfully. Will take effect after restart."
"SettingsUI_Microphone",3314955678,"Micro","Microphone"
"SettingsUI_Lang",3314955683,"Ngôn ngữ","Language"
"SettingsUI_Keywords_Help",3314955677,"<u><i><link=""0"">Cách đặt từ khóa</link></i></u>","<u><i><link=""0"">How to set keywords</link></i></u>"
"SettingsUI_Keywords",3314955676,"Từ khóa","Keywords"
"SettingsUI_Invalid_Url_Tips",3314955660,"URL không hợp lệ. Vui lòng thử lại.","Invalid URL. Please try again."
"SettingsUI_Invalid_MacAddress_Tips",3314955661,"Địa chỉ MAC không hợp lệ. Vui lòng thử lại.","Invalid MAC address. Please try again."
"SettingsUI_Fill",3314955682,"Điền","Fill"
"SettingsUI_DisplayMode_VRM",3314955669,"VRM","VRM"
"SettingsUI_DisplayMode_Emoji",3314955668,"Emoji","Emoji"
"SettingsUI_DisplayMode",3314955667,"Chế độ hiển thị","Display Mode"
"SettingsUI_CustomMacAddress",3314955666,"Địa chỉ MAC","MAC Address"
"SettingsUI_Character",3314955670,"Nhân vật","Character"
"SettingsUI_BreakMode_VAD",3314955674,"Giọng nói","Voice"
"SettingsUI_BreakMode_None",3314955672,"Tắt","Off"
"SettingsUI_BreakMode_Keyword",3314955673,"Từ khóa","Keyword"
"SettingsUI_BreakMode_Free",3314955675,"Tự do","Free"
"SettingsUI_BreakMode",3314955671,"Chế độ ngắt","Break Mode"
"SettingsUI_AutoHide",3314955680,"Tự ẩn UI","Auto-hide UI"
"Permission_WriteStorage",3314955686,"Ghi tệp","File Write"
"Permission_Request_Failed",3314955690,"Yêu cầu quyền thất bại. Vui lòng thử khởi động lại ứng dụng.","Permission request failed. Please try restarting the application."
"Permission_ReadStorage",3314955685,"Đọc tệp","File Read"
"Permission_One_Request_Failed",3314955689,"Yêu cầu quyền {0} thất bại.","{0} permission request failed."
"Permission_Microphone",3314955688,"Micro","Microphone"
"Permission_Camera",3314955687,"Camera","Camera"
"MIoT_VerifyTips",7889234766553088,"Đăng nhập cục bộ cần xác minh điện thoại/email của bạn, <color=#FF6C37><u><link=""0"">bấm vào đây để lấy mã xác minh</link></u></color>","Local login requires verification of your phone/email, <color=#FF6C37><u><link=""0"">click here to get verification code</link></u></color>"
"MIoT_VerifyCode",7889102125883392,"Mã xác minh","Verification Code"
"MIoT_Verify",7889508973371392,"Xác minh","Verify"
"MIoT_ReturnToLogin",7895673413263360,"Quay lại đăng nhập","Return to Login"
"MIoT_RefreshSuccess",7957408966991872,"Làm mới thành công","Refresh Successful"
"MIoT_Room",7052731333173248,"Phòng","Room"
"MIoT_Refresh",7053541869838336,"Làm mới","Refresh"
"MIoT_ModifyPropertyFailed",7053948998344704,"Thay đổi thuộc tính {0} thất bại: {1}","Failed to modify {0} property: {1}"
"MIoT_Logout",7052100107198464,"Đăng xuất","Logout"
"MIoT_LoginSuccess",7052185847160832,"Đăng nhập thành công","Login Successful"
"MIoT_LoginFailed",7052351807381504,"Đăng nhập thất bại","Login Failed"
"MIoT_Login",7052053349097472,"Đăng nhập","Login"
"MIoT_Home",7052665411297280,"Nhà","House"
"MIoT_DeviceTips",7052790267338752,"Điều khiển bằng giọng nói các thiết bị IoT đã chọn bên dưới, thay đổi sẽ có hiệu lực sau khi khởi động lại","Voice control the selected IoT devices below, changes will take effect after restart"
"MIoT_ClearAll",7053570470797312,"Bỏ chọn tất cả","Clear Selection"
"MIoT_Account",7051894095568896,"ID người dùng/Email/Số điện thoại","User ID/Email/Phone"
"MIC_NOT_FOUND_TIPS",3314955657,"Không tìm thấy micro.","Microphone not found."
"LOADING_THINGS",7077900567142400,"Đang tải MIoT...","Loading MIoT..."
"LOADING_RESOURCES",3314955649,"Đang tải tài nguyên...","Loading resources..."
"LOADING_MODEL",3314955650,"Đang tải mô hình...","Loading model..."
"iOS_App_Info_User_Tracking_Usage_Desc",2159431325278208,"XiaoZhi cần truy cập mã định danh quảng cáo của bạn","XiaoZhi needs to access your advertising identifier"
"iOS_App_Info_Mic_Usage_Desc",2159389092831232,"XiaoZhi cần sử dụng micro để trò chuyện với bạn","XiaoZhi needs to use the microphone to talk with you"
"iOS_App_Info_Location_Usage_Desc",2159308025323520,"XiaoZhi cần truy cập vị trí của bạn","XiaoZhi needs to access your location"
"iOS_App_Info_Camera_Usage_Desc",2159087987941376,"XiaoZhi cần sử dụng camera của bạn","XiaoZhi needs to use your camera"
"App_Info_Short_Name",2160026320855040,"XiaoZhi Unity","XiaoZhi Unity"
"App_Info_Display_Name",2160154335207424,"XiaoZhi Unity","XiaoZhi Unity"
"ACTIVATION_FAILED_TIPS",3314955648,"Kích hoạt thất bại. Vui lòng thử khởi động lại ứng dụng.","Activation failed. Please try restarting the application."
"ACTIVATION_CODE_COPIED",2492018094,"Mã kích hoạt đã được sao chép. Bấm vào liên kết bên dưới để kích hoạt thiết bị.","Activation code copied. Click the link below to activate your device."
"ACTIVATION",3314955647,"Kích hoạt thiết bị","Activate Device"
"MIoT_Password",7900086924173312,"Mật khẩu","Password"
"MIoT_RefreshSuccess",7957408966991872,"Làm mới thành công","Refresh Successful"
"CONNECTION_CLOSED_TIPS",8675432594366464,"Kết nối đã bị đóng","Connection was closed"
"SettingsUI_ZoomMode_LongShot",49667773039599616,"Cảnh xa","LongShot"
"SettingsUI_ZoomMode_MediumShot",49667893739085824,"Cảnh trung","MediumShot"
"SettingsUI_ZoomMode_CloseUp",49667904732356608,"Cận cảnh","CloseUp"
"SettingsUI_ZoomMode",49668220370509824,"Ống kính","Lens"
